

<?xml version="1.0" encoding="UTF-8"?>
<!--
 Hourly process, ingests raw emails from all US west email servers
 -->
<process name="my-process" xmlns="uri:falcon:process:0.1">
    
    <tags>pipeline=churnAnalysisDataPipeline,owner=ETLGroup,externalSystem=USWestEmailServers</tags>
    
    
   <clusters>
        <cluster name="local">
            <validity start="2013-11-15T00:05Z" end="2030-11-15T01:05Z"/>
        </cluster>
    </clusters>
    
    <parallel>1</parallel>
    <order>FIFO</order>
    <frequency>hours(1)</frequency>
    <inputs>
        <!-- In the workflow, the input paths will be available in a variable 'inpaths' -->
        <input name="inpaths" feed="input" start="now(0,-5)" end="now(0,-1)"/>
    </inputs>
   <outputs>
        <!-- In the workflow, the output path will be available in a variable 'outpath' -->
        <output name="outpath" feed="output" instance="now(0,0)"/>
    </outputs>
    
    <workflow name="emailIngestWorkflow" version="2.0.0"
    engine="oozie" path="/user/ambari-qa/falcon/demo/apps/ingest/fs" />
    
    <retry policy="periodic" delay="minutes(15)" attempts="3" />
	
    <late-process policy="periodic" delay="minutes(1)">
       <late-input input="inpaths" workflow-path="/user/ambari-qa/falcon/demo/apps/ingest/fs"/>
    </late-process>
    
</process>
