<?xml version="1.0" encoding="UTF-8"?>
<workflow-app xmlns="uri:oozie:workflow:0.2" name="map-reduce-wf">
    <start to="mr-node"/>
    <action name="mr-node">
        <map-reduce>
            <job-tracker>${jobTracker}</job-tracker>
            <name-node>${nameNode}</name-node>
            <prepare>
                <delete path="${outpath}"/>
            </prepare>
            <configuration>
                <property>
                    <name>mapred.job.queue.name</name>
                    <value>${queueName}</value>
                </property>
                <property>
                    <name>mapred.mapper.class</name>
                    <value>org.apache.hadoop.mapred.lib.IdentityMapper</value>
                </property>
                <property>
                    <name>mapred.reducer.class</name>
                    <value>org.apache.hadoop.mapred.lib.IdentityReducer</value>
                </property>
                <property>
                    <name>mapred.map.tasks</name>
                    <value>1</value>
                </property>
                <property>
                    <name>mapred.input.dir</name>
                    <value>${inpaths}</value>
                </property>
                <property>
                    <name>mapred.output.dir</name>
                    <value>${outpath}</value>
                </property>
            </configuration>
        </map-reduce>
        <ok to="end"/>
        <error to="fail"/>
    </action>
    <kill name="fail">
        <message>Map/Reduce failed, error message[${wf:errorMessage(wf:lastErrorNode())}]</message>
    </kill>
    <end name="end"/>
</workflow-app>